{
    "CASIA": {
        "spatial": {
            "mean": [
                0.47879746035407594,
                0.37916694124732253,
                0.3515715782997026
            ],
            "std": [
                0.17705075134220732,
                0.15430204992877375,
                0.15668136586048792
            ]
        },
        "frequency": {
            "mean": 0.3223099280259252,
            "std": 0.09819056755828463
        }
    },
    "idiap": {
        "spatial": {
            "mean": [
                0.5212179434607408,
                0.34342498035546876,
                0.27796570142566235
            ],
            "std": [
                0.28009200539625556,
                0.2271858852673153,
                0.21959776248467627
            ]
        },
        "frequency": {
            "mean": 0.3278174321527229,
            "std": 0.1034979988033274
        }
    },
    "MSU": {
        "spatial": {
            "mean": [
                0.6024227198773474,
                0.4873620082530623,
                0.426136050476498
            ],
            "std": [
                0.30413047546013433,
                0.2991727805088518,
                0.2841642107600977
            ]
        },
        "frequency": {
            "mean": 0.3381844565463675,
            "std": 0.10640018926265149
        }
    },
    "OULU": {
        "spatial": {
            "mean": [
                0.5957720771042558,
                0.4492857418873508,
                0.36052500214158095
            ],
            "std": [
                0.24832860331974205,
                0.22236233642316666,
                0.21101938652848745
            ]
        },
        "frequency": {
            "mean": 0.35773100451623263,
            "std": 0.10008868519888002
        }
    }
}