{"spatial": {"mean": [0.5343740858882704, 0.4389158846704474, 0.38943546397422624], "std": [0.293043458557436, 0.2802714732271155, 0.27796950869055614]}, "frequency": {"mean": 0.3621777066748496, "std": 0.09735666529317692}}