{
    "CASIA": {
        "spatial": {
            "mean": [
                0.351945992336327,
                0.37956268552665895,
                0.47936698344959977
            ],
            "std": [
                0.1567652032712059,
                0.1542449568191449,
                0.17659216427649316
            ]
        },
        "frequency": {
            "mean": 0.32234686613082886,
            "std": 0.0981844887137413
        }
    },
    "IDIAP": {
        "spatial": {
            "mean": [
                0.27763799085482255,
                0.34319045366799644,
                0.5215719571854719
            ],
            "std": [
                0.21912503612957612,
                0.2266522693325519,
                0.27958484989387905
            ]
        },
        "frequency": {
            "mean": 0.3278177082538605,
            "std": 0.10346674174070358
        }
    },
    "MSU": {
        "spatial": {
            "mean": [
                0.4262734202830019,
                0.4871507023417451,
                0.6020781854179523
            ],
            "std": [
                0.28369977391124096,
                0.2986810444182875,
                0.3036565996230688
            ]
        },
        "frequency": {
            "mean": 0.3380746841430664,
            "std": 0.10643337666988373
        }
    },
    "OULU": {
        "spatial": {
            "mean": [
                0.3605775285129201,
                0.449305765093164,
                0.5962436745111519
            ],
            "std": [
                0.211525195695945,
                0.222818767676931,
                0.24865567759257517
            ]
        },
        "frequency": {
            "mean": 0.35783904790878296,
            "std": 0.10012616217136383
        }
    }
}