{
    "CASIA": {
        "spatial": {
            "mean": [
                0.478683622369182,
                0.3790742073690952,
                0.3517094742365992
            ],
            "std": [
                0.17692962346222593,
                0.15430752477225493,
                0.15660864835437163
            ]
        },
        "frequency": {
            "mean": 0.322275297725524,
            "std": 0.09816269626859307
        }
    },
    "idiap": {
        "spatial": {
            "mean": [
                0.5214697315697567,
                0.34319294586463517,
                0.27749518960493214
            ],
            "std": [
                0.2797813260486022,
                0.22670572531607816,
                0.219194552672172
            ]
        },
        "frequency": {
            "mean": 0.3278171443388844,
            "std": 0.10346915317083699
        }
    },
    "MSU": {
        "spatial": {
            "mean": [
                0.6020221910516689,
                0.4871593086131579,
                0.4261373648307046
            ],
            "std": [
                0.30395135898386266,
                0.2988080688597907,
                0.2838745380825062
            ]
        },
        "frequency": {
            "mean": 0.3380742741478278,
            "std": 0.10643308710545851
        }
    },
    "OULU": {
        "spatial": {
            "mean": [
                0.5960793549706959,
                0.4493450685557102,
                0.36055251255967063
            ],
            "std": [
                0.24912959649162855,
                0.22292381354797888,
                0.21154985851511887
            ]
        },
        "frequency": {
            "mean": 0.3578219052299829,
            "std": 0.10013129332246942
        }
    }
}